catalog_osdd_rss_urls,search_url,search_status_code,catalog_osdd_atom_urls,search_rel_osdd,catalog_osdd,search_links,search_content_type,error,search_item_total,catalog_osdd_status_code
1,http://academiccommons.columbia.edu/catalog.rss?q=,200,0,False,http://academiccommons.columbia.edu/catalog/opensearch.xml,500,,,Unknown,200
1,,-999,0,False,http://academiccommons.columbia.edu/catalog/opensearch.xml,0,,,-999,200
0,http://admissions.chem.ox.ac.uk/SearchResults.ashx?q=,200,1,True,http://admissions.chem.ox.ac.uk/SearchEngineInfo.ashx,0,,,0,200
0,,-999,1,False,http://admissions.chem.ox.ac.uk/SearchEngineInfo.ashx,0,,,-999,200
0,,-999,0,False,http://arsf-dan.nerc.ac.uk/trac/search/opensearch,0,,,-999,200
0,,-999,0,False,http://astrodocs.wr.usgs.gov/opensearch_desc.php,0,,,-999,200
0,,-999,0,False,http://aura.abdn.ac.uk/open-search/description.xml,0,,,-999,200
1,http://bahainyc.org/syndication.axd?q=,200,0,False,http://bahainyc.org/opensearch.axd,10,,,Unknown,200
1,,-999,0,False,http://bahainyc.org/opensearch.axd,0,,,-999,200
0,,-999,0,False,http://bakerinstitute.org/search/open-search/,0,,,-999,200
0,,-999,0,False,http://beaker.readthedocs.org/en/latest/_static/opensearch.xml,0,,,-999,200
0,,-999,0,False,http://cadair.aber.ac.uk/dspace/open-search/description.xml,0,,,-999,200
0,http://caspian.iwlearn.org/opensearch_atom.xml?b_size%3Aint=5&SearchableText=,200,1,True,http://caspian.iwlearn.org/@@opensearch_description.xml,0,,,0,200
0,http://caspian.iwlearn.org/opensearch_atom.xml?b_size%3Aint=5&SearchableText=None,200,1,True,http://caspian.iwlearn.org/@@opensearch_description.xml,5,,,12,200
0,,-999,1,False,http://caspian.iwlearn.org/@@opensearch_description.xml,0,,,-999,200
0,,-999,0,False,http://catalog.utexas.edu/search/opensearch.xml,0,,,-999,200
0,,-999,0,False,http://catalog.uthscsa.edu/search/opensearch.xml,0,,,-999,200
0,,-999,0,False,http://centermaryland.org/index.php?option=com_search&format=opensearch,0,,,-999,200
0,http://citizenscienceassociation.org/?feed=atom&s=,200,1,True,http://citizenscienceassociation.org/osd.xml,30,,,Unknown,200
0,http://citizenscienceassociation.org/?feed=atom&s=photography,200,1,True,http://citizenscienceassociation.org/osd.xml,3,,,Unknown,200
0,,-999,1,False,http://citizenscienceassociation.org/osd.xml,0,,,-999,200
0,,-999,0,False,http://classics.rutgers.edu/component/search/?format=opensearch,0,,,-999,200
0,http://climateaudit.org/?feed=atom&s=,200,1,True,http://climateaudit.org/osd.xml,30,,,Unknown,200
0,http://climateaudit.org/?feed=atom&s=photography,200,1,True,http://climateaudit.org/osd.xml,6,,,Unknown,200
0,,-999,1,False,http://climateaudit.org/osd.xml,0,,,-999,200
0,,-999,0,False,http://cnx.org/opensearch.xml,0,,,-999,200
0,http://coastwatch.pfeg.noaa.gov/erddap/opensearch1.1/search?itemsPerPage=5&searchTerms=&format=atom,200,1,False,http://coastwatch.pfeg.noaa.gov/erddap/opensearch1.1/description.xml,5,,,886,200
0,http://coastwatch.pfeg.noaa.gov/erddap/opensearch1.1/search?itemsPerPage=5&searchTerms=temperature&format=atom,200,1,False,http://coastwatch.pfeg.noaa.gov/erddap/opensearch1.1/description.xml,5,,,372,200
0,,-999,1,False,http://coastwatch.pfeg.noaa.gov/erddap/opensearch1.1/description.xml,0,,,-999,200
0,,-999,0,False,http://cookbooks.opengrads.org/opensearch_desc.php,0,,,-999,200
0,http://data-search.nerc.ac.uk/search/full/catalogue.atom?q=&c=5,200,1,True,http://data-search.nerc.ac.uk/search/opensearch/catalogue/full.xml,5,,,2182,200
0,http://data-search.nerc.ac.uk/search/full/catalogue.atom?q=cat&c=5,200,1,True,http://data-search.nerc.ac.uk/search/opensearch/catalogue/full.xml,1,,,1,200
0,,-999,1,False,http://data-search.nerc.ac.uk/search/opensearch/catalogue/full.xml,0,,,-999,200
0,,-999,0,False,http://data.tickets.iatistandard.org/search/opensearch,0,,,-999,200
0,,-999,0,False,http://data.un.org/OpenSearch.xml,0,,,-999,200
0,http://datapub.cdlib.org/?feed=atom&s=,200,1,True,http://datapub.cdlib.org/osd.xml,30,,,Unknown,200
0,http://datapub.cdlib.org/?feed=atom&s=photography,200,1,True,http://datapub.cdlib.org/osd.xml,3,,,Unknown,200
0,,-999,1,False,http://datapub.cdlib.org/osd.xml,0,,,-999,200
0,,-999,0,False,http://datashare.is.ed.ac.uk/open-search/description.xml,0,,,-999,200
0,http://development.chem.ox.ac.uk/SearchResults.ashx?q=,200,1,True,http://development.chem.ox.ac.uk/SearchEngineInfo.ashx,0,,,0,200
0,,-999,1,False,http://development.chem.ox.ac.uk/SearchEngineInfo.ashx,0,,,-999,200
0,http://dh2014.org/?feed=atom&s=,200,1,True,http://dh2014.org/osd.xml,30,,,Unknown,200
0,http://dh2014.org/?feed=atom&s=photography,200,1,True,http://dh2014.org/osd.xml,0,,,Unknown,200
0,,-999,1,False,http://dh2014.org/osd.xml,0,,,-999,200
0,,-999,0,False,http://dict.leo.org/pages/helpers/shared/searches/opensearch_ende_de.xml,0,,,-999,200
0,,-999,0,False,http://dictionary.cambridge.org/us/gadgets/british/opensearch.xml,0,,,-999,200
0,,-999,0,False,http://diglib.eg.org/open-search/description.xml,0,,,-999,200
0,http://distruc.chem.ox.ac.uk/SearchResults.ashx?q=,200,1,True,http://distruc.chem.ox.ac.uk/SearchEngineInfo.ashx,0,,,0,200
0,,-999,1,False,http://distruc.chem.ox.ac.uk/SearchEngineInfo.ashx,0,,,-999,200
0,,-999,0,False,http://docs.codehaus.org/opensearch/osd.action,0,,,-999,200
0,,-999,0,False,http://docs.mongodb.org/osd.xml,0,,,-999,200
0,,-999,0,False,http://docs.plone.org/_static/opensearch.xml,0,,,-999,200
0,,-999,0,False,http://docs.virtualsolar.org/search/opensearch,0,,,-999,200
0,,-999,0,False,http://docs.wxwidgets.org/3.0.1/search-opensearch.php?v=opensearch.xml,0,,,-999,200
0,,-999,0,False,http://docs.wxwidgets.org/trunk/search-opensearch.php?v=opensearch.xml,0,,,-999,200
0,,-999,0,False,http://dspace.stir.ac.uk/open-search/description.xml,0,,,-999,200
0,,-999,0,False,http://dspacecris.eurocris.org/open-search/description.xml,0,,,-999,200
0,http://dualcredit.uidaho.edu/?feed=atom&s=,200,1,True,http://dualcredit.uidaho.edu/osd.xml,30,,,Unknown,200
0,http://dualcredit.uidaho.edu/?feed=atom&s=photography,200,1,True,http://dualcredit.uidaho.edu/osd.xml,0,,,Unknown,200
0,,-999,1,False,http://dualcredit.uidaho.edu/osd.xml,0,,,-999,200
0,http://eands.caltech.edu/?feed=atom&s=,200,1,True,http://eands.caltech.edu/osd.xml,45,,,Unknown,200
0,http://eands.caltech.edu/?feed=atom&s=photography,200,1,True,http://eands.caltech.edu/osd.xml,3,,,Unknown,200
0,,-999,1,False,http://eands.caltech.edu/osd.xml,0,,,-999,200
0,,-999,0,False,http://earthtosky.org/component/search/?format=opensearch,0,,,-999,200
0,,-999,0,False,http://ebtc.eu/index.php/component/search/?format=opensearch,0,,,-999,200
0,http://eepartnership.org/?feed=atom&s=,200,1,True,http://eepartnership.org/osd.xml,30,,,Unknown,200
0,http://eepartnership.org/?feed=atom&s=photography,200,1,True,http://eepartnership.org/osd.xml,0,,,Unknown,200
0,,-999,1,False,http://eepartnership.org/osd.xml,0,,,-999,200
0,http://elag2013.org/?feed=atom&s=,200,1,True,http://elag2013.org/osd.xml,30,,,Unknown,200
0,http://elag2013.org/?feed=atom&s=photography,200,1,True,http://elag2013.org/osd.xml,0,,,Unknown,200
0,,-999,1,False,http://elag2013.org/osd.xml,0,,,-999,200
0,,-999,0,False,http://elinux.org/opensearch_desc.php,0,,,-999,200
0,http://emergencysavings.org/?feed=atom&s=,200,1,True,http://emergencysavings.org/osd.xml,30,,,Unknown,200
0,http://emergencysavings.org/?feed=atom&s=photography,200,1,True,http://emergencysavings.org/osd.xml,0,,,Unknown,200
0,,-999,1,False,http://emergencysavings.org/osd.xml,0,,,-999,200
0,,-999,0,False,http://en.openei.org/w/opensearch_desc.php,0,,,-999,200
0,http://eo-virtual-archive4.esa.int/search/atom/?count=5&q=,200,1,True,http://eo-virtual-archive4.esa.int/search/description,15,,,20,200
0,,-999,1,False,http://eo-virtual-archive4.esa.int/search/description,0,,,-999,200
0,,-999,0,False,http://fedoraproject.org/w/opensearch_desc.php,0,,,-999,200
0,,-999,0,False,http://foldoc.org/search.xml,0,,,-999,200
0,http://frontierfields.org/?feed=atom&s=,200,1,True,http://frontierfields.org/osd.xml,30,,,Unknown,200
0,http://frontierfields.org/?feed=atom&s=photography,200,1,True,http://frontierfields.org/osd.xml,0,,,Unknown,200
0,,-999,1,False,http://frontierfields.org/osd.xml,0,,,-999,200
0,,-999,0,False,http://gateway.ceh.ac.uk/terraCatalog/os-description.xml,0,,,-999,-999
0,http://gcmd.gsfc.nasa.gov/KeywordSearch/OpenSearch.do?count=5&MetadataType=0&searchTerms=&Portal=GCMD&clientId=fromgcmd&output=atom,200,1,False,http://gcmd.gsfc.nasa.gov/KeywordSearch/default/openSearch.jsp?Portal=GCMD,0,,No content,-999,200
0,http://gcmd.gsfc.nasa.gov/KeywordSearch/OpenSearch.do?count=5&MetadataType=0&searchTerms=modis&Portal=GCMD&clientId=fromgcmd&output=atom,200,1,True,http://gcmd.gsfc.nasa.gov/KeywordSearch/default/openSearch.jsp?Portal=GCMD,75,,,1216,200
0,,-999,1,False,http://gcmd.gsfc.nasa.gov/KeywordSearch/default/openSearch.jsp?Portal=GCMD,0,,,-999,200
0,http://gcmd.gsfc.nasa.gov/KeywordSearch/OpenSearch.do?count=5&MetadataType=0&searchTerms=&Portal=solas&clientId=fromgcmd&output=atom,200,1,False,http://gcmd.gsfc.nasa.gov/KeywordSearch/default/openSearch.jsp?Portal=solas,0,,No content,-999,200
0,http://gcmd.gsfc.nasa.gov/KeywordSearch/OpenSearch.do?count=5&MetadataType=0&searchTerms=modis&Portal=solas&clientId=fromgcmd&output=atom,200,1,True,http://gcmd.gsfc.nasa.gov/KeywordSearch/default/openSearch.jsp?Portal=solas,75,,,530,200
0,,-999,1,False,http://gcmd.gsfc.nasa.gov/KeywordSearch/default/openSearch.jsp?Portal=solas,0,,,-999,200
0,http://gianluca.dellavedova.org/?feed=atom&s=,200,1,True,http://gianluca.dellavedova.org/osd.xml,30,,,Unknown,200
0,http://gianluca.dellavedova.org/?feed=atom&s=photography,200,1,True,http://gianluca.dellavedova.org/osd.xml,0,,,Unknown,200
0,,-999,1,False,http://gianluca.dellavedova.org/osd.xml,0,,,-999,200
0,http://gis.colostate.edu/SearchResults.ashx?q=,200,1,True,http://gis.colostate.edu/SearchEngineInfo.ashx,0,,,0,200
0,,-999,1,False,http://gis.colostate.edu/SearchEngineInfo.ashx,0,,,-999,200
0,,-999,0,False,http://glossary.ametsoc.org/w/opensearch_desc.php,0,,,-999,200
0,,-999,0,False,http://golang.org/opensearch.xml,0,,,-999,200
0,http://goworldwind.org/?feed=atom&s=,200,1,True,http://goworldwind.org/osd.xml,30,,,Unknown,200
0,http://goworldwind.org/?feed=atom&s=photography,200,1,True,http://goworldwind.org/osd.xml,3,,,Unknown,200
0,,-999,1,False,http://goworldwind.org/osd.xml,0,,,-999,200
0,http://grist.org/?feed=atom&s=,200,1,False,http://grist.org/osd.xml,0,,HTML response,-999,200
0,http://grist.org/?feed=atom&s=photography,200,1,False,http://grist.org/osd.xml,0,,HTML response,-999,200
1,http://grist.org/?feed=rss2&s=,200,1,False,http://grist.org/osd.xml,0,,HTML response,-999,200
1,http://grist.org/?feed=rss2&s=photography,200,1,False,http://grist.org/osd.xml,0,,HTML response,-999,200
1,,-999,1,False,http://grist.org/osd.xml,0,,,-999,200
0,http://highplainsmuseum.org/?feed=atom&s=,200,1,True,http://highplainsmuseum.org/osd.xml,15,,,Unknown,200
0,http://highplainsmuseum.org/?feed=atom&s=photography,200,1,True,http://highplainsmuseum.org/osd.xml,15,,,Unknown,200
0,,-999,1,False,http://highplainsmuseum.org/osd.xml,0,,,-999,200
0,http://housing.colostate.edu/SearchResults.ashx?q=,200,1,True,http://housing.colostate.edu/SearchEngineInfo.ashx,0,,,0,200
0,,-999,1,False,http://housing.colostate.edu/SearchEngineInfo.ashx,0,,,-999,200
0,http://html5apps-project.eu/?feed=atom&s=,200,1,True,http://html5apps-project.eu/osd.xml,15,,,Unknown,200
0,http://html5apps-project.eu/?feed=atom&s=photography,200,1,True,http://html5apps-project.eu/osd.xml,0,,,Unknown,200
0,,-999,1,False,http://html5apps-project.eu/osd.xml,0,,,-999,200
0,http://gcmd.gsfc.nasa.gov/KeywordSearch/OpenSearch.do?count=5&MetadataType=0&searchTerms=&Portal=idn_ceos&clientId=fromgcmd&output=atom,200,1,False,http://idn.ceos.org/KeywordSearch/default/openSearch.jsp?Portal=idn_ceos,0,,No content,-999,200
0,http://gcmd.gsfc.nasa.gov/KeywordSearch/OpenSearch.do?count=5&MetadataType=0&searchTerms=modis&Portal=idn_ceos&clientId=fromgcmd&output=atom,200,1,True,http://idn.ceos.org/KeywordSearch/default/openSearch.jsp?Portal=idn_ceos,75,,,919,200
0,,-999,1,False,http://idn.ceos.org/KeywordSearch/default/openSearch.jsp?Portal=idn_ceos,0,,,-999,200
0,http://inthelightofhumanenature.org/?feed=atom&s=,200,1,True,http://inthelightofhumanenature.org/osd.xml,27,,,Unknown,200
0,http://inthelightofhumanenature.org/?feed=atom&s=photography,200,1,True,http://inthelightofhumanenature.org/osd.xml,0,,,Unknown,200
0,,-999,1,False,http://inthelightofhumanenature.org/osd.xml,0,,,-999,200
0,http://is4oa.org/?feed=atom&s=,200,1,True,http://is4oa.org/osd.xml,30,,,Unknown,200
0,http://is4oa.org/?feed=atom&s=photography,200,1,True,http://is4oa.org/osd.xml,0,,,Unknown,200
0,,-999,1,False,http://is4oa.org/osd.xml,0,,,-999,200
0,,-999,0,False,http://itsgettinghotinhere.org/osd.xml,0,,,-999,404
0,,-999,0,False,http://jobs.rsc.org/opensearch/,0,,,-999,200
0,,-999,0,False,http://jobs.sciencecareers.org/opensearch/,0,,,-999,200
0,,-999,0,False,http://jobs.theguardian.com/opensearch/,0,,,-999,200
0,,-999,0,False,http://journals.cambridge.org/jsp/cjo/help/cjo.xml,0,,,-999,200
0,,-999,0,False,http://json-rpc.org/search/opensearch,0,,,-999,200
0,http://kaiserhealthnews.org/?feed=atom&s=,200,1,True,http://kaiserhealthnews.org/osd.xml,30,,,Unknown,200
0,http://kaiserhealthnews.org/?feed=atom&s=photography,200,1,True,http://kaiserhealthnews.org/osd.xml,30,,,Unknown,200
0,,-999,1,False,http://kaiserhealthnews.org/osd.xml,0,,,-999,200
0,http://kulturmasche.com/?feed=atom&s=,200,1,True,http://kulturmasche.com/osd.xml,30,,,Unknown,200
0,http://kulturmasche.com/?feed=atom&s=photography,200,1,True,http://kulturmasche.com/osd.xml,0,,,Unknown,200
0,,-999,1,False,http://kulturmasche.com/osd.xml,0,,,-999,200
0,,-999,0,False,http://ladsweb.nascom.nasa.gov/data/dataset_opensearch.xml,0,,,-999,-999
0,,-999,0,False,http://ladsweb.nascom.nasa.gov/data/opensearch.xml,0,,,-999,-999
0,,-999,0,False,http://leon.bottou.org/lib/exe/opensearch.php,0,,,-999,200
1,http://lib.icimod.org/rss?p=&rg=5,200,0,False,http://lib.icimod.org/opensearchdescription,10,,,19777,200
1,http://lib.icimod.org/rss?p=a&rg=5,200,0,False,http://lib.icimod.org/opensearchdescription,10,,,10468,200
1,,-999,0,False,http://lib.icimod.org/opensearchdescription,0,,,-999,200
0,,-999,0,False,http://lostsouls.org/search.xml,0,,,-999,200
0,http://marcrogers.org/?feed=atom&s=,200,1,True,http://marcrogers.org/osd.xml,30,,,Unknown,200
0,http://marcrogers.org/?feed=atom&s=photography,200,1,True,http://marcrogers.org/osd.xml,0,,,Unknown,200
0,,-999,1,False,http://marcrogers.org/osd.xml,0,,,-999,200
0,,-999,0,False,http://matplotlib.org/_static/opensearch.xml,0,,,-999,200
0,,-999,0,False,http://members.aas.org/services/OpenSearch.aspx,0,,,-999,200
0,,-999,0,False,http://members.tei-c.org/opensearch.ashx,0,,,-999,200
0,http://mhcten.mtholyoke.edu/?feed=atom&s=,200,1,True,http://mhcten.mtholyoke.edu/osd.xml,30,,,Unknown,200
0,http://mhcten.mtholyoke.edu/?feed=atom&s=photography,200,1,True,http://mhcten.mtholyoke.edu/osd.xml,3,,,Unknown,200
0,,-999,1,False,http://mhcten.mtholyoke.edu/osd.xml,0,,,-999,200
0,http://mobiwebapp.eu/?feed=atom&s=,200,1,True,http://mobiwebapp.eu/osd.xml,30,,,Unknown,200
0,http://mobiwebapp.eu/?feed=atom&s=photography,200,1,True,http://mobiwebapp.eu/osd.xml,3,,,Unknown,200
0,,-999,1,False,http://mobiwebapp.eu/osd.xml,0,,,-999,200
0,,-999,0,False,http://modwebsrv.modaps.eosdis.nasa.gov/axis2/services/MODAPSservices/getOSDD?product=MOB02CRT,0,,,-999,200
0,http://nacc.colostate.edu/SearchResults.ashx?q=,200,1,True,http://nacc.colostate.edu/SearchEngineInfo.ashx,0,,,0,200
0,,-999,1,False,http://nacc.colostate.edu/SearchEngineInfo.ashx,0,,,-999,200
0,http://netimpactboston.org/?feed=atom&s=,200,1,True,http://netimpactboston.org/osd.xml,12,,,Unknown,200
0,http://netimpactboston.org/?feed=atom&s=photography,200,1,True,http://netimpactboston.org/osd.xml,0,,,Unknown,200
0,,-999,1,False,http://netimpactboston.org/osd.xml,0,,,-999,200
1,http://ngdc.noaa.gov/geoportal/rest/find/document?max=5&searchText=&f=georss,200,0,False,http://ngdc.noaa.gov/geoportal/openSearchDescription,5,,,20943,200
1,http://ngdc.noaa.gov/geoportal/rest/find/document?max=5&searchText=land&f=georss,200,0,False,http://ngdc.noaa.gov/geoportal/openSearchDescription,5,,,333,200
1,,-999,0,False,http://ngdc.noaa.gov/geoportal/openSearchDescription,0,,,-999,200
0,http://nwrwic.org/?feed=atom&s=,200,1,True,http://nwrwic.org/osd.xml,30,,,Unknown,200
0,http://nwrwic.org/?feed=atom&s=photography,200,1,True,http://nwrwic.org/osd.xml,12,,,Unknown,200
0,,-999,1,False,http://nwrwic.org/osd.xml,0,,,-999,200
0,http://nwsidebar.wsba.org/?feed=atom&s=,200,1,True,http://nwsidebar.wsba.org/osd.xml,30,,,Unknown,200
0,http://nwsidebar.wsba.org/?feed=atom&s=photography,200,1,True,http://nwsidebar.wsba.org/osd.xml,3,,,Unknown,200
0,,-999,1,False,http://nwsidebar.wsba.org/osd.xml,0,,,-999,200
0,,-999,0,False,http://opendata.stackexchange.com/opensearch.xml,0,,,-999,200
0,,-999,0,False,http://openwetware.org/opensearch_desc.php,0,,,-999,200
0,http://oxsync.chem.ox.ac.uk/SearchResults.ashx?q=,200,1,True,http://oxsync.chem.ox.ac.uk/SearchEngineInfo.ashx,0,,,0,200
0,,-999,1,False,http://oxsync.chem.ox.ac.uk/SearchEngineInfo.ashx,0,,,-999,200
0,,-999,0,False,http://perldoc.perl.org/static/search.xml,0,,,-999,200
0,http://physicsfrontline.aps.org/?feed=atom&s=,200,1,True,http://physicsfrontline.aps.org/osd.xml,30,,,Unknown,200
0,http://physicsfrontline.aps.org/?feed=atom&s=photography,200,1,True,http://physicsfrontline.aps.org/osd.xml,0,,,Unknown,200
0,,-999,1,False,http://physicsfrontline.aps.org/osd.xml,0,,,-999,200
0,http://portal.oceannet.org/search/full/catalogue.atom?q=&c=5,200,1,True,http://portal.oceannet.org/search/opensearch/catalogue/full.xml,5,,,9532,200
0,http://portal.oceannet.org/search/full/catalogue.atom?q=cat&c=5,200,1,True,http://portal.oceannet.org/search/opensearch/catalogue/full.xml,5,,,6,200
0,,-999,1,False,http://portal.oceannet.org/search/opensearch/catalogue/full.xml,0,,,-999,200
0,http://portal.oceannet.org/search/light/catalogue.atom?q=&c=5,200,1,True,http://portal.oceannet.org/search/opensearch/catalogue/light.xml,5,,,9532,200
0,http://portal.oceannet.org/search/light/catalogue.atom?q=cat&c=5,200,1,True,http://portal.oceannet.org/search/opensearch/catalogue/light.xml,5,,,6,200
0,,-999,1,False,http://portal.oceannet.org/search/opensearch/catalogue/light.xml,0,,,-999,200
0,,-999,0,False,http://proj.badc.rl.ac.uk/cedaservices/search/opensearch,0,,,-999,200
0,,-999,0,False,http://proj.badc.rl.ac.uk/mirp/search/opensearch,0,,,-999,200
0,,-999,0,False,http://proj.badc.rl.ac.uk/preparde/search/opensearch,0,,,-999,200
0,http://projecthydra.org/?feed=atom&s=,200,1,True,http://projecthydra.org/osd.xml,30,,,Unknown,200
0,http://projecthydra.org/?feed=atom&s=photography,200,1,True,http://projecthydra.org/osd.xml,0,,,Unknown,200
0,,-999,1,False,http://projecthydra.org/osd.xml,0,,,-999,200
0,http://protect-your-home.org/?feed=atom&s=,200,1,True,http://protect-your-home.org/osd.xml,30,,,Unknown,200
0,http://protect-your-home.org/?feed=atom&s=photography,200,1,True,http://protect-your-home.org/osd.xml,0,,,Unknown,200
0,,-999,1,False,http://protect-your-home.org/osd.xml,0,,,-999,200
0,,-999,0,False,http://pubs.er.usgs.gov/opensearch.xml,0,,HTML response,-999,200
0,,-999,0,False,http://pyyaml.org/search/opensearch,0,,,-999,200
0,,-999,0,False,http://qutecom.org/search/opensearch,0,,,-999,504
0,http://ragenglewood.org/?feed=atom&s=,200,1,True,http://ragenglewood.org/osd.xml,30,,,Unknown,200
0,http://ragenglewood.org/?feed=atom&s=photography,200,1,True,http://ragenglewood.org/osd.xml,0,,,Unknown,200
0,,-999,1,False,http://ragenglewood.org/osd.xml,0,,,-999,200
0,http://refbase.arl.noaa.gov/opensearch.php?query=&recordSchema=atom&maximumRecords=5,200,1,False,http://refbase.arl.noaa.gov/opensearch.php?operation=explain,0,,XML Parse error,-999,200
0,http://refbase.arl.noaa.gov/opensearch.php?query=Miller&recordSchema=atom&maximumRecords=5,200,1,False,http://refbase.arl.noaa.gov/opensearch.php?operation=explain,0,,HTML response,-999,200
1,http://refbase.arl.noaa.gov/opensearch.php?query=&recordSchema=rss&maximumRecords=5,200,1,False,http://refbase.arl.noaa.gov/opensearch.php?operation=explain,0,,XML Parse error,-999,200
1,http://refbase.arl.noaa.gov/opensearch.php?query=Miller&recordSchema=rss&maximumRecords=5,200,1,False,http://refbase.arl.noaa.gov/opensearch.php?operation=explain,0,,,Unknown,200
1,,-999,1,False,http://refbase.arl.noaa.gov/opensearch.php?operation=explain,0,,,-999,200
0,,-999,0,False,http://research-repository.st-andrews.ac.uk/open-search/description.xml,0,,,-999,-999
1,http://richard.esplins.org/siwi/feeds/search/?pattern=,404,0,False,http://richard.esplins.org/opensearch.xml,0,,HTML response,-999,200
1,http://richard.esplins.org/siwi/feeds/search/?pattern=alfresco_addons,200,0,False,http://richard.esplins.org/opensearch.xml,0,,,Unknown,200
1,,-999,0,False,http://richard.esplins.org/opensearch.xml,0,,,-999,200
0,,-999,0,False,http://sas.rutgers.edu/component/search/?format=opensearch,0,,HTML response,-999,200
0,,-999,0,False,http://science-center.org/Search?format=opensearch&id=46,0,,,-999,200
0,http://scienceunderthestars.org/?feed=atom&s=,200,1,True,http://scienceunderthestars.org/osd.xml,30,,,Unknown,200
0,http://scienceunderthestars.org/?feed=atom&s=photography,200,1,True,http://scienceunderthestars.org/osd.xml,6,,,Unknown,200
0,,-999,1,False,http://scienceunderthestars.org/osd.xml,0,,,-999,200
0,,-999,0,False,http://search.creativecommons.org/ccsearch.xml,0,,,-999,200
0,,-999,0,False,http://search.crossref.org/opensearch.xml,0,,,-999,200
0,http://search.warwick.ac.uk/atom?q=&indexSection=sitebuilder,200,1,True,http://search.warwick.ac.uk/static/search/osd.xml,0,,,0,200
0,http://search.warwick.ac.uk/atom?q=undergraduate&indexSection=sitebuilder,200,1,True,http://search.warwick.ac.uk/static/search/osd.xml,20,,,12429,200
0,,-999,1,False,http://search.warwick.ac.uk/static/search/osd.xml,0,,,-999,200
0,,-999,0,False,http://softlibre.gloobe.org/lib/exe/opensearch.php,0,,,-999,200
0,,-999,0,False,http://south.aeracode.org/search/opensearch,0,,,-999,200
1,http://sowiport.gesis.org/Search/Results?lookfor=&view=rss,200,0,False,http://sowiport.gesis.org/Search/OpenSearch,50,,,Unknown,200
1,,-999,0,False,http://sowiport.gesis.org/Search/OpenSearch,0,,,-999,200
0,,-999,0,False,http://sphinx-doc.org/latest/_static/opensearch.xml,0,,,-999,200
0,,-999,0,False,http://stackoverflow.com/opensearch.xml,0,,,-999,200
0,http://sumasa.org/?feed=atom&s=,200,1,True,http://sumasa.org/osd.xml,30,,,Unknown,200
0,http://sumasa.org/?feed=atom&s=photography,200,1,True,http://sumasa.org/osd.xml,15,,,Unknown,200
0,,-999,1,False,http://sumasa.org/osd.xml,0,,,-999,200
0,http://texaspipelinewatch.org/?feed=atom&s=,200,1,True,http://texaspipelinewatch.org/osd.xml,30,,,Unknown,200
0,http://texaspipelinewatch.org/?feed=atom&s=photography,200,1,True,http://texaspipelinewatch.org/osd.xml,0,,,Unknown,200
0,,-999,1,False,http://texaspipelinewatch.org/osd.xml,0,,,-999,200
0,http://theritualproject.org/?feed=atom&s=,200,1,True,http://theritualproject.org/osd.xml,30,,,Unknown,200
0,http://theritualproject.org/?feed=atom&s=photography,200,1,True,http://theritualproject.org/osd.xml,0,,,Unknown,200
0,,-999,1,False,http://theritualproject.org/osd.xml,0,,,-999,200
0,,-999,0,False,http://thunderbird.markmail.org/BrowserPlugins/markmail.xml,0,,,-999,200
0,,-999,0,False,http://tools.ietf.org/group/irtf/trac/search/opensearch,0,,,-999,200
0,,-999,0,False,http://tools.ietf.org/group/tools/trac/search/opensearch,0,,,-999,200
0,,-999,0,False,http://tools.ietf.org/wg/httpbis/trac/search/opensearch,0,,,-999,200
0,,-999,0,False,http://trac.ckan.org/search/opensearch,0,,,-999,200
0,,-999,0,False,http://trac.ffmpeg.org/search/opensearch,0,,,-999,200
0,,-999,0,False,http://trac.marineopec.eu/search/opensearch,0,,,-999,200
0,,-999,0,False,http://trac.osgeo.org/gdal/search/opensearch,0,,,-999,500
0,,-999,0,False,http://trac.osgeo.org/geotiff/search/opensearch,0,,,-999,500
0,,-999,0,False,http://trac.osgeo.org/mapserver/search/opensearch,0,,,-999,500
0,,-999,0,False,http://trac.osgeo.org/osgeo4w/search/opensearch,0,,,-999,500
0,,-999,0,False,http://trac.osgeo.org/ossim/search/opensearch,0,,,-999,500
0,,-999,0,False,http://trac.osgeo.org/proj/search/opensearch,0,,,-999,500
0,,-999,0,False,http://trac.tools.ietf.org/bof/trac/search/opensearch,0,,,-999,200
0,,-999,0,False,http://trac.tools.ietf.org/group/tools/trac/search/opensearch,0,,,-999,200
0,http://transitfuture.org/?feed=atom&s=,200,1,True,http://transitfuture.org/osd.xml,30,,,Unknown,200
0,http://transitfuture.org/?feed=atom&s=photography,200,1,True,http://transitfuture.org/osd.xml,0,,,Unknown,200
0,,-999,1,False,http://transitfuture.org/osd.xml,0,,,-999,200
0,http://uaf.nodc.noaa.gov/geoportal/rest/find/document?max=5&searchText=&f=atom,200,1,False,http://uaf.nodc.noaa.gov/geoportal/openSearchDescription,41,,,1375209,200
0,http://uaf.nodc.noaa.gov/geoportal/rest/find/document?max=5&searchText=land&f=atom,200,1,False,http://uaf.nodc.noaa.gov/geoportal/openSearchDescription,50,,,62809,200
0,,-999,1,False,http://uaf.nodc.noaa.gov/geoportal/openSearchDescription,0,,,-999,200
0,http://uasreno.org/?feed=atom&s=,200,1,True,http://uasreno.org/osd.xml,30,,,Unknown,200
0,http://uasreno.org/?feed=atom&s=photography,200,1,True,http://uasreno.org/osd.xml,3,,,Unknown,200
0,,-999,1,False,http://uasreno.org/osd.xml,0,,,-999,200
0,,-999,0,False,http://udspace.udel.edu/open-search/description.xml,0,,,-999,200
0,http://unheardvoicesproject.org/?feed=atom&s=,200,1,True,http://unheardvoicesproject.org/osd.xml,30,,,Unknown,200
0,http://unheardvoicesproject.org/?feed=atom&s=photography,200,1,True,http://unheardvoicesproject.org/osd.xml,0,,,Unknown,200
0,,-999,1,False,http://unheardvoicesproject.org/osd.xml,0,,,-999,200
1,,-999,0,False,http://viaf.org/allFieldsSearch.xml,0,,,-999,200
1,,-999,2,False,http://vnavigator.eumetsat.int/discovery/os-description.xml,0,,,-999,200
0,http://wakeforestmuseum.org/?feed=atom&s=,200,1,True,http://wakeforestmuseum.org/osd.xml,45,,,Unknown,200
0,http://wakeforestmuseum.org/?feed=atom&s=photography,200,1,True,http://wakeforestmuseum.org/osd.xml,3,,,Unknown,200
0,,-999,1,False,http://wakeforestmuseum.org/osd.xml,0,,,-999,200
0,,-999,0,False,http://web.mit.edu/opensearch.xml,0,,,-999,200
0,,-999,0,False,http://webhost.salford.ac.uk/search.salford.ac.uk/search.xml,0,,HTML response,-999,200
0,http://whalesense.org/?feed=atom&s=,200,1,True,http://whalesense.org/osd.xml,30,,,Unknown,200
0,http://whalesense.org/?feed=atom&s=photography,200,1,True,http://whalesense.org/osd.xml,0,,,Unknown,200
0,,-999,1,False,http://whalesense.org/osd.xml,0,,,-999,200
0,http://whatworkswellbeing.org/?feed=atom&s=,200,1,True,http://whatworkswellbeing.org/osd.xml,30,,,Unknown,200
0,http://whatworkswellbeing.org/?feed=atom&s=photography,200,1,True,http://whatworkswellbeing.org/osd.xml,0,,,Unknown,200
0,,-999,1,False,http://whatworkswellbeing.org/osd.xml,0,,,-999,200
0,,-999,0,False,http://whc.unesco.org/pg_opensearch.cfm,0,,,-999,200
0,,-999,0,False,http://wiki.eclipse.org/opensearch_desc.php,0,,,-999,200
0,,-999,0,False,http://wtda.alc.org/open-search/description.xml,0,,,-999,200
0,,-999,0,False,http://www.aacap.org/OpenSearch.aspx,0,,,-999,200
0,,-999,0,False,http://www.aca.org/ACA_PROD_IMIS/OpenSearch.aspx,0,,,-999,200
0,,-999,0,False,http://www.acpe.edu/imis_prod/OpenSearch.aspx,0,,,-999,200
0,,-999,0,False,http://www.africanremotesensing.org/opensearch.ashx,0,,,-999,200
1,http://www.agnic.org/catalog.rss?q=,404,0,False,http://www.agnic.org/search/opensearch.xml,0,,HTML response,-999,200
1,,-999,0,False,http://www.agnic.org/search/opensearch.xml,0,,,-999,200
0,,-999,0,False,http://www.ancon.org/index.php?option=com_search&format=opensearch,0,,,-999,403
0,,-999,0,False,http://www.arkive.org/misc/search_plugin/arkivesearchplugin.xml,0,,,-999,200
0,,-999,0,False,http://www.asbar.org/index.php?option=com_search&format=opensearch,0,,,-999,200
0,http://www.baacc.colostate.edu/SearchResults.ashx?q=,200,1,True,http://www.baacc.colostate.edu/SearchEngineInfo.ashx,0,,,0,200
0,,-999,1,False,http://www.baacc.colostate.edu/SearchEngineInfo.ashx,0,,,-999,200
1,http://www.bahainyc.org/syndication.axd?q=,200,0,False,http://www.bahainyc.org/opensearch.axd,10,,,Unknown,200
1,,-999,0,False,http://www.bahainyc.org/opensearch.axd,0,,,-999,200
0,,-999,0,False,http://www.bath.ac.uk/search/gsa/bathsearch.xml,0,,,-999,200
0,,-999,0,False,http://www.bnc.ox.ac.uk/search?format=opensearch,0,,,-999,200
0,,-999,0,False,http://www.boonshoftmuseum.org/component/search/?format=opensearch,0,,,-999,200
0,,-999,0,False,http://www.britishmuseum.org/OpenSearchBMSite.xml,0,,,-999,200
0,,-999,0,False,http://www.britishmuseum.org/OpenSearchCollection.xml,0,,,-999,200
0,,-999,0,False,http://www.bsa.ac.uk/index.php?option=com_search&format=opensearch,0,,,-999,200
0,,-999,0,False,http://www.catmondoux.org/index.php/component/search/?format=opensearch,0,,,-999,200
0,,-999,0,False,http://www.ceemar.org/ceemar/open-search/description.xml,0,,,-999,200
0,,-999,0,False,http://www.charmouth.org/chcc/component/search/?format=opensearch,0,,,-999,200
0,,-999,0,False,http://www.coreboot.org/opensearch_desc.php,0,,,-999,200
1,http://www.coris.noaa.gov/geoportal/rest/find/document?max=5&searchText=&f=georss,200,0,False,http://www.coris.noaa.gov/geoportal/openSearchDescription,5,,,10267,200
1,http://www.coris.noaa.gov/geoportal/rest/find/document?max=5&searchText=land&f=georss,200,0,False,http://www.coris.noaa.gov/geoportal/openSearchDescription,5,,,729,200
1,,-999,0,False,http://www.coris.noaa.gov/geoportal/openSearchDescription,0,,,-999,200
0,,-999,0,False,http://www.cra.org/ccc/component/search/?format=opensearch,0,,,-999,200
0,,-999,0,False,http://www.cs.ox.ac.uk/csatox2/opensearch_desc.php,0,,,-999,200
0,,-999,0,False,http://www.ctan.org/search/open-search.xml,0,,,-999,200
0,,-999,0,False,http://www.democracynow.org/images/dn.opensearch,0,,,-999,200
0,,-999,0,False,http://www.drihm.eu/index.php/component/search/?format=opensearch,0,,,-999,200
0,,-999,0,False,http://www.earth-prints.org/open-search/description.xml,0,,,-999,200
0,,-999,0,False,http://www.ecca2015.eu/component/search/?format=opensearch,0,,,-999,200
0,,-999,0,False,http://www.economics.ox.ac.uk/Search?format=opensearch,0,,,-999,200
0,,-999,0,False,http://www.emsa.europa.eu/component/search/?format=opensearch,0,,HTML response,-999,200
0,,-999,0,False,http://www.enlightenment.org/search_docs.xml,0,,,-999,404
0,,-999,0,False,http://www.esa-ozone-cci.org/Private/opensearch_desc.php,0,,,-999,200
0,,-999,0,False,http://www.espas-fp7.eu/trac/search/opensearch,0,,,-999,200
0,,-999,0,False,http://www.eucross.eu/cms/index.php?option=com_search&format=opensearch,0,,,-999,200
0,,-999,0,False,http://www.fapac.org/opensearch.ashx,0,,,-999,200
0,,-999,0,False,http://www.feha.org/opensearch.ashx,0,,,-999,200
0,,-999,0,False,http://www.fertilizer.org/OpenSearch.aspx,0,,,-999,200
0,,-999,0,False,http://www.file-extensions.org/extensionsearchplugin.xml,0,,,-999,200
1,http://www.findingaugustine.org/Search/Results?lookfor=&view=rss,200,0,False,http://www.findingaugustine.org/Search/OpenSearch?method=describe,50,,,Unknown,200
1,,-999,0,False,http://www.findingaugustine.org/Search/OpenSearch?method=describe,0,,,-999,200
0,,-999,0,False,http://www.fio.usf.edu/component/search/?format=opensearch,0,,,-999,200
0,,-999,0,False,http://www.fordfoundation.org/2012-annual/opensearchdescription.xml,0,,,-999,200
0,,-999,0,False,http://www.fraud.org/component/search/?format=opensearch,0,,,-999,200
0,http://www.geftwap.org/opensearch_atom.xml?b_size%3Aint=5&SearchableText=,200,1,True,http://www.geftwap.org/@@opensearch_description.xml,0,,,0,200
0,http://www.geftwap.org/opensearch_atom.xml?b_size%3Aint=5&SearchableText=None,200,1,True,http://www.geftwap.org/@@opensearch_description.xml,5,,,5,200
0,,-999,1,False,http://www.geftwap.org/@@opensearch_description.xml,0,,,-999,200
0,,-999,0,False,http://www.geonames.org/opensearch-description.xml,0,,,-999,200
0,,-999,0,False,http://www.geonames.org/opensearch-plugin.xml,0,,,-999,200
0,,-999,0,False,http://www.georgiascienceteacher.org/opensearch.ashx,0,,,-999,200
0,,-999,0,False,http://www.geotraces.org/component/search/?format=opensearch,0,,,-999,200
0,,-999,0,False,http://www.getluckytc.org/Search.html?format=opensearch&id=28,0,,,-999,200
0,,-999,0,False,http://www.getluckytc.org/Search.html?format=opensearch&id=5,0,,,-999,200
0,,-999,0,False,http://www.greenfestivals.org/search?format=opensearch,0,,,-999,403
0,,-999,0,False,http://www.greenlights.org/component/search/?format=opensearch,0,,,-999,200
0,,-999,0,False,http://www.groom-fp7.eu/lib/exe/opensearch.php,0,,,-999,200
0,http://www.gwascentral.org/phenotypes?q=&page_size=5&format=atom,400,1,False,http://www.gwascentral.org/os/phenotypes.xml,0,,HTML response,-999,200
0,http://www.gwascentral.org/phenotypes?q=cancer&page_size=5&format=atom,400,1,False,http://www.gwascentral.org/os/phenotypes.xml,0,,HTML response,-999,200
1,http://www.gwascentral.org/phenotypes?q=&page_size=5&format=rss,400,1,False,http://www.gwascentral.org/os/phenotypes.xml,0,,HTML response,-999,200
1,http://www.gwascentral.org/phenotypes?q=cancer&page_size=5&format=rss,400,1,False,http://www.gwascentral.org/os/phenotypes.xml,0,,HTML response,-999,200
1,,-999,1,False,http://www.gwascentral.org/os/phenotypes.xml,0,,,-999,200
0,http://www.gwascentral.org/studies?q=&page_size=5&format=atom,400,1,False,http://www.gwascentral.org/os/studies.xml,0,,HTML response,-999,200
0,http://www.gwascentral.org/studies?q=cancer&page_size=5&format=atom,400,1,False,http://www.gwascentral.org/os/studies.xml,0,,HTML response,-999,200
1,http://www.gwascentral.org/studies?q=&page_size=5&format=rss,400,1,False,http://www.gwascentral.org/os/studies.xml,0,,HTML response,-999,200
1,http://www.gwascentral.org/studies?q=cancer&page_size=5&format=rss,400,1,False,http://www.gwascentral.org/os/studies.xml,0,,HTML response,-999,200
1,,-999,1,False,http://www.gwascentral.org/os/studies.xml,0,,,-999,200
0,,-999,0,False,http://www.harwin-fp7.eu/component/search/?format=opensearch,0,,,-999,200
0,http://www.housing.colostate.edu/SearchResults.ashx?q=,200,1,True,http://www.housing.colostate.edu/SearchEngineInfo.ashx,0,,,0,200
0,,-999,1,False,http://www.housing.colostate.edu/SearchEngineInfo.ashx,0,,,-999,200
0,,-999,0,False,http://www.iacet.org/component/search/?format=opensearch,0,,,-999,406
0,,-999,0,False,http://www.iagc.org/search/open-search/,0,,,-999,200
0,,-999,0,False,http://www.ibe.org/component/search/?format=opensearch,0,,,-999,200
0,,-999,0,False,http://www.ic3.gov/opensearch.xml,0,,,-999,200
0,,-999,0,False,http://www.ieaghg.org/component/search/?format=opensearch,0,,,-999,200
0,http://www.iesc.org/SearchResults.ashx?q=,200,1,True,http://www.iesc.org/SearchEngineInfo.ashx,0,,,0,200
0,,-999,1,False,http://www.iesc.org/SearchEngineInfo.ashx,0,,,-999,200
0,,-999,0,False,http://www.ifalpa.org/component/search/?format=opensearch,0,,,-999,200
0,,-999,0,False,http://www.ihasa.org/Search.html?catid=77&format=opensearch&id=68,0,,,-999,200
0,,-999,0,False,http://www.iho.int/srv1/index.php?option=com_search&format=opensearch&lang=en,0,,,-999,200
0,,-999,0,False,http://www.iktimed.eu/index.php/component/search/?plugin=cbgroupjive&action=groups&func=show&cat=1&grp=5&tab=File&task=pluginclass&format=opensearch,0,,,-999,200
0,,-999,0,False,http://www.iktimed.eu/index.php/component/search/?plugin=cbgroupjive&action=groups&func=show&cat=1&grp=6&task=pluginclass&format=opensearch,0,,,-999,200
0,,-999,0,False,http://www.intcent.org/opensearch.ashx,0,,,-999,200
0,,-999,0,False,http://www.interpeace.org/index.php/component/search/?ctrl=archive&listid=2-job-applicants&format=opensearch,0,,,-999,403
0,,-999,0,False,http://www.its.umich.edu/itssearch.xml,0,,,-999,200
0,,-999,0,False,http://www.lco.edu/component/search/?format=opensearch,0,,,-999,200
0,,-999,0,False,http://www.lib.utexas.edu/gadgets/firefoxsearch/utcddvdsearch.xml,0,,,-999,200
0,,-999,0,False,http://www.lib.utexas.edu/gadgets/firefoxsearch/utdrsearch.xml,0,,,-999,200
0,,-999,0,False,http://www.lightstalkers.org/opensearch.xml,0,,,-999,200
0,,-999,0,False,http://www.localharvest.org/opensearch.xml,0,,,-999,200
0,,-999,0,False,http://www.lofar.org/operations/lib/exe/opensearch.php,0,,,-999,200
0,,-999,0,False,http://www.magip.org/opensearch.ashx,0,,,-999,200
0,,-999,0,False,http://www.marinespecies.org/provider.xml,0,,,-999,200
0,http://www.metrotransit.org/SearchResults.ashx?q=,200,1,True,http://www.metrotransit.org/SearchEngineInfo.ashx,0,,,0,200
0,,-999,1,False,http://www.metrotransit.org/SearchEngineInfo.ashx,0,,,-999,200
0,,-999,0,False,http://www.minnesota.edu/searchplugin.xml,0,,,-999,200
0,,-999,0,False,http://www.miworksmo.org/component/search/?format=opensearch,0,,,-999,200
0,http://www.ms-sc.org/SearchResults.ashx?q=,200,1,True,http://www.ms-sc.org/SearchEngineInfo.ashx,0,,,0,200
0,,-999,1,False,http://www.ms-sc.org/SearchEngineInfo.ashx,0,,,-999,200
0,,-999,0,False,http://www.nabe.org/opensearch.ashx,0,,,-999,200
0,,-999,0,False,http://www.nacme.org/component/search/?format=opensearch,0,,,-999,200
0,,-999,0,False,http://www.njheps.org/opensearch.ashx,0,,,-999,200
0,,-999,0,False,http://www.nrdc.org/opensearch.xml,0,,,-999,200
0,,-999,0,False,http://www.openflowhub.org/opensearch/osd.action,0,,HTML response,-999,200
0,,-999,0,False,http://www.opensha.org/trac/search/opensearch,0,,,-999,504
0,,-999,0,False,http://www.pacificsciencecenter.org/Search?format=opensearch,0,,,-999,200
0,,-999,0,False,http://www.pratham.org/component/search/?format=opensearch,0,,,-999,200
0,,-999,0,False,http://www.pri.org/opensearch.xml,0,,,-999,200
0,,-999,0,False,http://www.rasdaman.org/search/opensearch,0,,,-999,200
0,http://www.rds.colostate.edu/SearchResults.ashx?q=,200,1,True,http://www.rds.colostate.edu/SearchEngineInfo.ashx,0,,,0,200
0,,-999,1,False,http://www.rds.colostate.edu/SearchEngineInfo.ashx,0,,,-999,200
0,,-999,0,False,http://www.resc.rdg.ac.uk/trac/ncWMS/search/opensearch,0,,,-999,200
0,,-999,0,False,http://www.ros.hw.ac.uk/open-search/description.xml,0,,,-999,200
0,,-999,0,False,http://www.saicm.org/index.php?option=com_search&format=opensearch,0,,,-999,200
0,,-999,0,False,http://www.saja.org/opensearch.ashx,0,,,-999,200
0,http://www.sc.colostate.edu/SearchResults.ashx?q=,200,1,True,http://www.sc.colostate.edu/SearchEngineInfo.ashx,0,,,0,200
0,,-999,1,False,http://www.sc.colostate.edu/SearchEngineInfo.ashx,0,,,-999,200
0,,-999,0,False,http://www.scar.org/component/search/?format=opensearch,0,,,-999,200
0,,-999,0,False,http://www.scran.ac.uk/opensearchdescription.xml,0,,,-999,200
0,http://www.sea-cadets.org/SearchResults.ashx?q=,200,1,True,http://www.sea-cadets.org/SearchEngineInfo.ashx,0,,,0,200
0,,-999,1,False,http://www.sea-cadets.org/SearchEngineInfo.ashx,0,,,-999,200
0,,-999,0,False,http://www.sharegeo.ac.uk/open-search/description.xml,0,,,-999,200
0,,-999,0,False,http://www.skiandsnowboardmonth.org/component/search/?format=opensearch,0,,,-999,200
0,http://www.slice.colostate.edu/SearchResults.ashx?q=,200,1,True,http://www.slice.colostate.edu/SearchEngineInfo.ashx,0,,,0,200
0,,-999,1,False,http://www.slice.colostate.edu/SearchEngineInfo.ashx,0,,,-999,200
0,,-999,0,False,http://www.sourcewatch.org/opensearch_desc.php,0,,,-999,200
0,,-999,0,False,http://www.st-andrews.ac.uk/opensearch/www.xml,0,,,-999,200
0,,-999,0,False,http://www.sweregiond.org/opensearch.ashx,0,,,-999,200
0,,-999,0,False,http://www.sympa.org/lib/exe/opensearch.php,0,,,-999,200
0,,-999,0,False,http://www.team2489.org/index.php/component/search/?format=opensearch,0,,,-999,200
0,http://www.tmcs.ac.uk/SearchResults.ashx?q=,200,1,True,http://www.tmcs.ac.uk/SearchEngineInfo.ashx,0,,,0,200
0,,-999,1,False,http://www.tmcs.ac.uk/SearchEngineInfo.ashx,0,,,-999,200
0,,-999,0,False,http://www.tofga.org/opensearch.ashx,0,,,-999,200
0,,-999,0,False,http://www.uah.edu/opensearch.xml,0,,,-999,200
0,,-999,0,False,http://www.uflib.ufl.edu/opensearchdescription.xml,0,,,-999,200
0,,-999,0,False,http://www.unidata.ucar.edu/software/netcdf/docs/search_opensearch.php?v=opensearch.xml,0,,,-999,200
0,,-999,0,False,http://www.usgbcga.org/opensearch.ashx,0,,,-999,200
0,,-999,0,False,http://www.usgs.gov/shell/usgssearch.xml,0,,,-999,200
0,,-999,0,False,http://www.vafweb.wildapricot.org/opensearch.ashx,0,,,-999,200
0,,-999,0,False,http://www.vips.ecs.soton.ac.uk/opensearch_desc.php,0,,,-999,200
0,,-999,0,False,http://www.w3.org/2005/01/w3c-public-lists.xml,0,,,-999,200
0,,-999,0,False,http://www.w3.org/2009/cheatsheet/opensearch.xml,0,,,-999,200
0,,-999,0,False,http://www.waw.spatiallearning.org/index.php/component/search/?format=opensearch,0,,,-999,200
0,,-999,0,False,http://www.wfmc.org/component/search/?format=opensearch,0,,,-999,200
0,,-999,0,False,http://www.xdmf.org/opensearch_desc.php,0,,,-999,200
0,http://www.znyswap.org/SearchResults.ashx?q=,200,1,True,http://www.znyswap.org/SearchEngineInfo.ashx,0,,,0,200
0,,-999,1,False,http://www.znyswap.org/SearchEngineInfo.ashx,0,,,-999,200
0,,-999,0,False,http://www.zonta-tallahassee.org/opensearch.ashx,0,,,-999,200
0,,-999,0,False,http://www1.unece.org/stat/platform/opensearch/osd.action,0,,,-999,200
0,http://www1.usgs.gov/erddap/opensearch1.1/search?itemsPerPage=5&searchTerms=&format=atom,200,1,False,http://www1.usgs.gov/erddap/opensearch1.1/description.xml,1,,,1,200
0,http://www1.usgs.gov/erddap/opensearch1.1/search?itemsPerPage=5&searchTerms=datasetID&format=atom,200,1,False,http://www1.usgs.gov/erddap/opensearch1.1/description.xml,1,,,1,200
0,,-999,1,False,http://www1.usgs.gov/erddap/opensearch1.1/description.xml,0,,,-999,200
0,,-999,0,False,http://www2.aag.org/aag_prod_imis/OpenSearch.aspx,0,,,-999,200
0,,-999,0,False,https://amergeog.org/component/search/?format=opensearch,0,,,-999,404
0,,-999,0,False,https://api.drupal.org/api/opensearch,0,,,-999,200
0,,-999,0,False,https://bitbucket.org/opensearch.xml,0,,,-999,200
0,,-999,0,False,https://bscw.ercim.eu/pub/bscw.cgi?op=opensearch&noses=1,0,,,-999,200
0,,-999,0,False,https://casere3.dspacedirect.org/open-search/description.xml,0,,,-999,200
1,http://catalog.libraries.wm.edu/Search/Results?lookfor=&view=rss,200,0,False,https://catalog.libraries.wm.edu/Search/OpenSearch?method=describe,50,,,3048783,200
1,,-999,0,False,https://catalog.libraries.wm.edu/Search/OpenSearch?method=describe,0,,,-999,200
0,,-999,0,False,https://cgspace.cgiar.org/open-search/description.xml,0,,,-999,200
0,,-999,0,False,https://codex.wordpress.org/opensearch_desc.php,0,,,-999,200
0,,-999,0,False,https://commons.lbl.gov/opensearch/osd.action,0,,,-999,200
0,,-999,0,False,https://confluence.sakaiproject.org/opensearch/osd.action,0,,,-999,200
0,,-999,0,False,https://controllerdata.lacity.org/opensearch.xml,0,,,-999,200
0,,-999,0,False,https://cwiki.apache.org/confluence/opensearch/osd.action,0,,,-999,200
0,,-999,0,False,https://data.cityofboston.gov/opensearch.xml,0,,,-999,200
0,,-999,0,False,https://data.cityofchicago.org/opensearch.xml,0,,,-999,200
0,,-999,0,False,https://data.culvercity.org/opensearch.xml,0,,,-999,200
0,,-999,0,False,https://data.kcmo.org/opensearch.xml,0,,,-999,200
0,,-999,0,False,https://data.nasa.gov/opensearch.xml,0,,,-999,200
0,,-999,0,False,https://data.ny.gov/opensearch.xml,0,,,-999,200
0,,-999,0,False,https://data.providenceri.gov/opensearch.xml,0,,,-999,200
0,,-999,0,False,https://data.sfgov.org/opensearch.xml,0,,,-999,200
0,,-999,0,False,https://data.smcgov.org/opensearch.xml,0,,,-999,200
0,,-999,0,False,https://data.vta.org/opensearch.xml,0,,,-999,200
0,,-999,0,False,https://datatracker.ietf.org/js/datatracker-search.xml,0,,,-999,404
0,,-999,0,False,https://datorium.gesis.org/xmlui/open-search/description.xml,0,,,-999,200
0,,-999,0,False,https://developer.mozilla.org/ja/search/xml,0,,,-999,200
0,,-999,0,False,https://developer.mozilla.org/pt-BR/search/xml,0,,,-999,200
0,,-999,0,False,https://docs.python.org/3/_static/opensearch.xml,0,,,-999,200
0,,-999,0,False,https://events.vanderbilt.edu/opensearch.php,0,,,-999,200
0,,-999,0,False,https://hackpad.com/static/opensearch.xml,0,,,-999,200
0,,-999,0,False,https://kb.iu.edu/resources/kms/opensearch.xml,0,,,-999,200
0,,-999,0,False,https://kcstat.kcmo.org/opensearch.xml,0,,,-999,200
0,,-999,0,False,https://locationtech.org/bugs/search_plugin.cgi,0,,,-999,200
0,,-999,0,False,https://lra.le.ac.uk/open-search/description.xml,0,,,-999,200
0,,-999,0,False,https://metacpan.org/static/opensearch.xml,0,,,-999,200
0,,-999,0,False,https://qmro.qmul.ac.uk/jspui/open-search/description.xml,0,,,-999,200
0,,-999,0,False,https://radsci.uthscsa.edu/opensearch_desc.php,0,,,-999,-999
0,,-999,0,False,https://repository.abertay.ac.uk/jspui/open-search/description.xml,0,,,-999,200
0,,-999,0,False,https://rubygems.org/opensearch.xml,0,,,-999,200
0,,-999,0,False,https://secure.apha.org/imis/OpenSearch.aspx,0,,,-999,200
0,,-999,0,False,https://secure.fisheries.org/OpenSearch.aspx,0,,,-999,200
0,,-999,0,False,https://services.nycbar.org/OpenSearch.aspx,0,,,-999,200
0,,-999,0,False,https://spaceapps.hackpad.com/static/opensearch.xml,0,,,-999,200
0,,-999,0,False,https://status.fsf.org/opensearch/notice,0,,,-999,200
0,,-999,0,False,https://support.mozilla.org/en-US/search/xml,0,,,-999,200
0,https://tccon-wiki.caltech.edu/@api/deki/site/opensearch?q=&limit=5&format=atom,400,1,False,https://tccon-wiki.caltech.edu/@gui/opensearch/description,0,,,Unknown,200
0,https://tccon-wiki.caltech.edu/@api/deki/site/opensearch?q=Wiki&limit=5&format=atom,200,1,True,https://tccon-wiki.caltech.edu/@gui/opensearch/description,1,,,100000,200
0,,-999,1,False,https://tccon-wiki.caltech.edu/@gui/opensearch/description,0,,,-999,200
0,,-999,0,False,https://tools.ietf.org/group/rsoc/search/opensearch,0,,,-999,200
0,,-999,0,False,https://tracker.debian.org/search.xml,0,,,-999,200
1,https://weblearn.ox.ac.uk/portal/tool/8c2d6a6e-f977-42c4-8423-7728ba28e6f9/rss20?search=&panel=Main,500,0,False,https://weblearn.ox.ac.uk/portal/tool/8c2d6a6e-f977-42c4-8423-7728ba28e6f9/opensearch,0,,HTML response,-999,200
1,https://weblearn.ox.ac.uk/portal/tool/8c2d6a6e-f977-42c4-8423-7728ba28e6f9/rss20?search=sakai&panel=Main,200,0,False,https://weblearn.ox.ac.uk/portal/tool/8c2d6a6e-f977-42c4-8423-7728ba28e6f9/opensearch,0,,,Unknown,200
1,,-999,0,False,https://weblearn.ox.ac.uk/portal/tool/8c2d6a6e-f977-42c4-8423-7728ba28e6f9/opensearch,0,,,-999,200
0,,-999,0,False,https://wiki.ceh.ac.uk/plugins/builder/layout-resources.action?layoutId=UKIPI&amp;key=ukipi&resource=opensearch&hash=1425296093258,0,,,-999,200
0,,-999,0,False,https://wiki.earthdata.nasa.gov/opensearch/osd.action,0,,,-999,200
0,,-999,0,False,https://wiki.ucar.edu/opensearch/osd.action,0,,,-999,200
0,,-999,0,False,https://www.amergeog.org/component/search/?format=opensearch,0,,,-999,404
0,,-999,0,False,https://www.debian.org/search.en.xml,0,,,-999,200
0,,-999,0,False,https://www.efmd.org/component/search/?formId=120&format=opensearch,0,,,-999,200
0,,-999,0,False,https://www.eg.org/index.php/component/search/?format=opensearch,0,,,-999,200
0,,-999,0,False,https://www.flickr.com/opensearch.xml,0,,,-999,200
1,https://www.genesys-pgr.org/acn/opensearch?q=,500,0,False,https://www.genesys-pgr.org/acn/opensearch/desc,0,,HTML response,-999,200
1,https://www.genesys-pgr.org/acn/opensearch?q=IRGC+1001,500,0,False,https://www.genesys-pgr.org/acn/opensearch/desc,0,,HTML response,-999,200
1,,-999,0,False,https://www.genesys-pgr.org/acn/opensearch/desc,0,,,-999,200
0,,-999,0,False,https://www.helcats-fp7.eu/trac/search/opensearch,0,,,-999,200
0,,-999,0,False,https://www.khronos.org/bugzilla/search_plugin.cgi,0,,,-999,200
0,,-999,0,False,https://www.metrochicagodata.org/opensearch.xml,0,,,-999,200
0,https://www.metrotransit.org/SearchResults.ashx?q=,200,1,True,https://www.metrotransit.org/SearchEngineInfo.ashx,0,,,0,200
0,,-999,1,False,https://www.metrotransit.org/SearchEngineInfo.ashx,0,,,-999,200
0,,-999,0,False,https://www.ogf.org/ogf/lib/exe/opensearch.php,0,,,-999,-999
0,,-999,0,False,https://www.onepetro.org/opensearch.xml?title=OnePetro&autocompletePath=%2Fautocomplete%3Fq%3D%7BsearchTerms%7D,0,,,-999,200
0,,-999,0,False,https://www.openstreetmap.org/assets/osm-d89d01267300bca667d9f78511f5cb4c.xml,0,,,-999,200
0,,-999,0,False,https://www.owasp.org/opensearch_desc.php,0,,,-999,200
0,,-999,0,False,https://www.pacificsciencecenter.org/Search?format=opensearch,0,,,-999,200
0,,-999,0,False,https://www.sanger.ac.uk/i/xml/sanger-search.xml,0,,,-999,200
0,,-999,0,False,https://www.segweb.org/OpenSearch.aspx,0,,,-999,200
0,,-999,0,False,https://www.sida-info-service.org/sites/sida/squelettes/opensearch.xml,0,,,-999,-999
0,,-999,0,False,https://www.terc.edu/opensearch/osd.action,0,,,-999,200
0,,-999,0,False,https://www.tiaacommunities.org/opensearch.xml,0,,HTML response,-999,200
0,,-999,0,False,https://www.xpra.org/trac/search/opensearch,0,,,-999,200
0,,-999,0,False,https://www.zotero.org/support/lib/exe/opensearch.php,0,,,-999,200
1,,-999,0,False,https://zenodo.org/opensearchdescription,0,,,-999,200
